title,brand,price,mrp,description,net_quantity,manufacturer,country_of_origin,mfg_date,expiry_date,platform,seller,product_url,image_urls,category,rating,reviews_count,extracted_at,compliance_score,compliance_status,issues_found,compliance_details
Unknown Product,,489.0,,,,,,,,amazon,,https://www.amazon.in/sspa/click?ie=UTF8&spc=MTo1NDI2MTc1OTU3ODU2MTczOjE3NTkxNzAyMTk6c3BfYXRmOjMwMDY2MDUwMzA4MjIzMjo6MDo6&url=%2FLakme-Primer-Powder-Foundation-Compact%2Fdp%2FB0744RQRG8%2Fref%3Dsr_1_1_sspa%3Fdib%3DeyJ2IjoiMSJ9.XItYdNpo2vGP3sgb2oXx7saVaFMQ8SQKDrFo9QQTUlRv_s69ckGEuUuOKsAYIQJC9AO9P2lioKsNJn6Cvjf0IyzSej3Mcj4NsYymGLkZAFtQ_ZK7Whw17B2gq9ExX0Fa1CWOR8qoGhQHKjUxT-C9DCGua5ZSmkA6RK_mdW_4l8QhaYySucqcZISBbhmfwLTFwq8SP3da9QEjV7Ibusqqk9l7mClc16Oy5xrLJsO-NIUPxxRq10pqvxZkmZjU9qp6SKwCGfSavNIJg4OdGnH3HIiTEpmps0dFJGdJGXd-HCg.jWAK1GR_9CTFOXzyjfCGdonTR5WxUnwTzYvUFSGj4Ho%26dib_tag%3Dse%26keywords%3Dcosmetics%26qid%3D1759170219%26sr%3D8-1-spons%26sp_csd%3Dd2lkZ2V0TmFtZT1zcF9hdGY%26psc%3D1&aref=zMZpxhRHbY&sp_cr=ZAZ,https://m.media-amazon.com/images/I/51tVPK5ZsxL._AC_UL320_.jpg,,4.0,,2025-09-29 23:53:40,0.0,NON_COMPLIANT,"Missing required field: net_quantity; Missing required field: unit; Missing required field: manufacturer_name; Missing required field: manufacturer_address; Missing required field: consumer_care; Missing required field: country_of_origin; MRP must explicitly state tax inclusivity (e.g., 'inclusive of all taxes') - Legal Metrology Rule 6; Manufacturing date missing - Legal Metrology requirement; Complete manufacturer address required - Legal Metrology Rule 7; Consumer care details required - Consumer Protection Act 2019","{'extracted_fields': {'mrp_value': 489.0, 'net_quantity_value': None, 'unit': None, 'manufacturer_name': None, 'manufacturer_address': None, 'consumer_care': None, 'country_of_origin': None, 'mfg_date': None, 'expiry_date': None}, 'validation_issues': [{'field': 'net_quantity', 'level': 'ERROR', 'message': 'Missing required field: net_quantity'}, {'field': 'unit', 'level': 'ERROR', 'message': 'Missing required field: unit'}, {'field': 'manufacturer_name', 'level': 'ERROR', 'message': 'Missing required field: manufacturer_name'}, {'field': 'manufacturer_address', 'level': 'ERROR', 'message': 'Missing required field: manufacturer_address'}, {'field': 'consumer_care', 'level': 'ERROR', 'message': 'Missing required field: consumer_care'}, {'field': 'country_of_origin', 'level': 'ERROR', 'message': 'Missing required field: country_of_origin'}, {'field': 'mrp', 'level': 'ERROR', 'message': ""MRP must explicitly state tax inclusivity (e.g., 'inclusive of all taxes') - Legal Metrology Rule 6""}, {'field': 'mfg_date', 'level': 'ERROR', 'message': 'Manufacturing date missing - Legal Metrology requirement'}, {'field': 'manufacturer_address', 'level': 'ERROR', 'message': 'Complete manufacturer address required - Legal Metrology Rule 7'}, {'field': 'consumer_care', 'level': 'ERROR', 'message': 'Consumer care details required - Consumer Protection Act 2019'}], 'is_compliant': False, 'score': 0.0}"
Unknown Product,,880.0,,,,,,,,amazon,,https://www.amazon.in/sspa/click?ie=UTF8&spc=MTo1NDI2MTc1OTU3ODU2MTczOjE3NTkxNzAyMTk6c3BfYXRmOjMwMDY2MDM2ODI0NzUzMjo6MDo6&url=%2FLAKM%25C3%2589-Facelift-Coverage-Foundation-Stick-Neutralmedium%2Fdp%2FB0CTQKN2JP%2Fref%3Dsr_1_2_sspa%3Fdib%3DeyJ2IjoiMSJ9.XItYdNpo2vGP3sgb2oXx7saVaFMQ8SQKDrFo9QQTUlRv_s69ckGEuUuOKsAYIQJC9AO9P2lioKsNJn6Cvjf0IyzSej3Mcj4NsYymGLkZAFtQ_ZK7Whw17B2gq9ExX0Fa1CWOR8qoGhQHKjUxT-C9DCGua5ZSmkA6RK_mdW_4l8QhaYySucqcZISBbhmfwLTFwq8SP3da9QEjV7Ibusqqk9l7mClc16Oy5xrLJsO-NIUPxxRq10pqvxZkmZjU9qp6SKwCGfSavNIJg4OdGnH3HIiTEpmps0dFJGdJGXd-HCg.jWAK1GR_9CTFOXzyjfCGdonTR5WxUnwTzYvUFSGj4Ho%26dib_tag%3Dse%26keywords%3Dcosmetics%26qid%3D1759170219%26sr%3D8-2-spons%26sp_csd%3Dd2lkZ2V0TmFtZT1zcF9hdGY%26psc%3D1&aref=hlL5kU4DtG&sp_cr=ZAZ,https://m.media-amazon.com/images/I/41AYARK7HgL._AC_UL320_.jpg,,4.2,,2025-09-29 23:53:40,0.0,NON_COMPLIANT,"Missing required field: net_quantity; Missing required field: unit; Missing required field: manufacturer_name; Missing required field: manufacturer_address; Missing required field: consumer_care; Missing required field: country_of_origin; MRP must explicitly state tax inclusivity (e.g., 'inclusive of all taxes') - Legal Metrology Rule 6; Manufacturing date missing - Legal Metrology requirement; Complete manufacturer address required - Legal Metrology Rule 7; Consumer care details required - Consumer Protection Act 2019","{'extracted_fields': {'mrp_value': 880.0, 'net_quantity_value': None, 'unit': None, 'manufacturer_name': None, 'manufacturer_address': None, 'consumer_care': None, 'country_of_origin': None, 'mfg_date': None, 'expiry_date': None}, 'validation_issues': [{'field': 'net_quantity', 'level': 'ERROR', 'message': 'Missing required field: net_quantity'}, {'field': 'unit', 'level': 'ERROR', 'message': 'Missing required field: unit'}, {'field': 'manufacturer_name', 'level': 'ERROR', 'message': 'Missing required field: manufacturer_name'}, {'field': 'manufacturer_address', 'level': 'ERROR', 'message': 'Missing required field: manufacturer_address'}, {'field': 'consumer_care', 'level': 'ERROR', 'message': 'Missing required field: consumer_care'}, {'field': 'country_of_origin', 'level': 'ERROR', 'message': 'Missing required field: country_of_origin'}, {'field': 'mrp', 'level': 'ERROR', 'message': ""MRP must explicitly state tax inclusivity (e.g., 'inclusive of all taxes') - Legal Metrology Rule 6""}, {'field': 'mfg_date', 'level': 'ERROR', 'message': 'Manufacturing date missing - Legal Metrology requirement'}, {'field': 'manufacturer_address', 'level': 'ERROR', 'message': 'Complete manufacturer address required - Legal Metrology Rule 7'}, {'field': 'consumer_care', 'level': 'ERROR', 'message': 'Consumer care details required - Consumer Protection Act 2019'}], 'is_compliant': False, 'score': 0.0}"
Unknown Product,,199.0,,,,,,,,amazon,,https://www.amazon.in/sspa/click?ie=UTF8&spc=MTo1NDI2MTc1OTU3ODU2MTczOjE3NTkxNzAyMTk6c3BfYXRmOjMwMDc0NTA2NDIxMzMzMjo6MDo6&url=%2FSUGAR-POP-Foundation-Coverage-Water-Resistant%2Fdp%2FB0FHWV1CQC%2Fref%3Dsr_1_3_sspa%3Fdib%3DeyJ2IjoiMSJ9.XItYdNpo2vGP3sgb2oXx7saVaFMQ8SQKDrFo9QQTUlRv_s69ckGEuUuOKsAYIQJC9AO9P2lioKsNJn6Cvjf0IyzSej3Mcj4NsYymGLkZAFtQ_ZK7Whw17B2gq9ExX0Fa1CWOR8qoGhQHKjUxT-C9DCGua5ZSmkA6RK_mdW_4l8QhaYySucqcZISBbhmfwLTFwq8SP3da9QEjV7Ibusqqk9l7mClc16Oy5xrLJsO-NIUPxxRq10pqvxZkmZjU9qp6SKwCGfSavNIJg4OdGnH3HIiTEpmps0dFJGdJGXd-HCg.jWAK1GR_9CTFOXzyjfCGdonTR5WxUnwTzYvUFSGj4Ho%26dib_tag%3Dse%26keywords%3Dcosmetics%26qid%3D1759170219%26sr%3D8-3-spons%26sp_csd%3Dd2lkZ2V0TmFtZT1zcF9hdGY%26psc%3D1&aref=YH3L3oztSH&sp_cr=ZAZ,https://m.media-amazon.com/images/I/61UK5efNalL._AC_UL320_.jpg,,4.7,,2025-09-29 23:53:40,0.0,NON_COMPLIANT,"Missing required field: net_quantity; Missing required field: unit; Missing required field: manufacturer_name; Missing required field: manufacturer_address; Missing required field: consumer_care; Missing required field: country_of_origin; MRP must explicitly state tax inclusivity (e.g., 'inclusive of all taxes') - Legal Metrology Rule 6; Manufacturing date missing - Legal Metrology requirement; Complete manufacturer address required - Legal Metrology Rule 7; Consumer care details required - Consumer Protection Act 2019","{'extracted_fields': {'mrp_value': 199.0, 'net_quantity_value': None, 'unit': None, 'manufacturer_name': None, 'manufacturer_address': None, 'consumer_care': None, 'country_of_origin': None, 'mfg_date': None, 'expiry_date': None}, 'validation_issues': [{'field': 'net_quantity', 'level': 'ERROR', 'message': 'Missing required field: net_quantity'}, {'field': 'unit', 'level': 'ERROR', 'message': 'Missing required field: unit'}, {'field': 'manufacturer_name', 'level': 'ERROR', 'message': 'Missing required field: manufacturer_name'}, {'field': 'manufacturer_address', 'level': 'ERROR', 'message': 'Missing required field: manufacturer_address'}, {'field': 'consumer_care', 'level': 'ERROR', 'message': 'Missing required field: consumer_care'}, {'field': 'country_of_origin', 'level': 'ERROR', 'message': 'Missing required field: country_of_origin'}, {'field': 'mrp', 'level': 'ERROR', 'message': ""MRP must explicitly state tax inclusivity (e.g., 'inclusive of all taxes') - Legal Metrology Rule 6""}, {'field': 'mfg_date', 'level': 'ERROR', 'message': 'Manufacturing date missing - Legal Metrology requirement'}, {'field': 'manufacturer_address', 'level': 'ERROR', 'message': 'Complete manufacturer address required - Legal Metrology Rule 7'}, {'field': 'consumer_care', 'level': 'ERROR', 'message': 'Consumer care details required - Consumer Protection Act 2019'}], 'is_compliant': False, 'score': 0.0}"
Unknown Product,,86.0,,,,,,,,amazon,,https://www.amazon.in/sspa/click?ie=UTF8&spc=MTo1NDI2MTc1OTU3ODU2MTczOjE3NTkxNzAyMTk6c3BfYXRmOjMwMDY2MDIwMDkxMTAzMjo6MDo6&url=%2FLAKM%25C3%2589-Ultimate-Cream-Liner-Matte%2Fdp%2FB07PFKT96B%2Fref%3Dsr_1_4_sspa%3Fdib%3DeyJ2IjoiMSJ9.XItYdNpo2vGP3sgb2oXx7saVaFMQ8SQKDrFo9QQTUlRv_s69ckGEuUuOKsAYIQJC9AO9P2lioKsNJn6Cvjf0IyzSej3Mcj4NsYymGLkZAFtQ_ZK7Whw17B2gq9ExX0Fa1CWOR8qoGhQHKjUxT-C9DCGua5ZSmkA6RK_mdW_4l8QhaYySucqcZISBbhmfwLTFwq8SP3da9QEjV7Ibusqqk9l7mClc16Oy5xrLJsO-NIUPxxRq10pqvxZkmZjU9qp6SKwCGfSavNIJg4OdGnH3HIiTEpmps0dFJGdJGXd-HCg.jWAK1GR_9CTFOXzyjfCGdonTR5WxUnwTzYvUFSGj4Ho%26dib_tag%3Dse%26keywords%3Dcosmetics%26qid%3D1759170219%26sr%3D8-4-spons%26sp_csd%3Dd2lkZ2V0TmFtZT1zcF9hdGY%26psc%3D1&aref=UowqOwH2dy&sp_cr=ZAZ,https://m.media-amazon.com/images/I/512CkaLx45L._AC_UL320_.jpg,,4.1,,2025-09-29 23:53:40,0.0,NON_COMPLIANT,"Missing required field: net_quantity; Missing required field: unit; Missing required field: manufacturer_name; Missing required field: manufacturer_address; Missing required field: consumer_care; Missing required field: country_of_origin; MRP must explicitly state tax inclusivity (e.g., 'inclusive of all taxes') - Legal Metrology Rule 6; Manufacturing date missing - Legal Metrology requirement; Complete manufacturer address required - Legal Metrology Rule 7; Consumer care details required - Consumer Protection Act 2019","{'extracted_fields': {'mrp_value': 86.0, 'net_quantity_value': None, 'unit': None, 'manufacturer_name': None, 'manufacturer_address': None, 'consumer_care': None, 'country_of_origin': None, 'mfg_date': None, 'expiry_date': None}, 'validation_issues': [{'field': 'net_quantity', 'level': 'ERROR', 'message': 'Missing required field: net_quantity'}, {'field': 'unit', 'level': 'ERROR', 'message': 'Missing required field: unit'}, {'field': 'manufacturer_name', 'level': 'ERROR', 'message': 'Missing required field: manufacturer_name'}, {'field': 'manufacturer_address', 'level': 'ERROR', 'message': 'Missing required field: manufacturer_address'}, {'field': 'consumer_care', 'level': 'ERROR', 'message': 'Missing required field: consumer_care'}, {'field': 'country_of_origin', 'level': 'ERROR', 'message': 'Missing required field: country_of_origin'}, {'field': 'mrp', 'level': 'ERROR', 'message': ""MRP must explicitly state tax inclusivity (e.g., 'inclusive of all taxes') - Legal Metrology Rule 6""}, {'field': 'mfg_date', 'level': 'ERROR', 'message': 'Manufacturing date missing - Legal Metrology requirement'}, {'field': 'manufacturer_address', 'level': 'ERROR', 'message': 'Complete manufacturer address required - Legal Metrology Rule 7'}, {'field': 'consumer_care', 'level': 'ERROR', 'message': 'Consumer care details required - Consumer Protection Act 2019'}], 'is_compliant': False, 'score': 0.0}"
Unknown Product,,103.0,,,,,,,,amazon,,https://www.amazon.in/Maybelline-Colossal-Kajal-Black-0-35g/dp/B06WGZP21B/ref=sr_1_5?dib=eyJ2IjoiMSJ9.XItYdNpo2vGP3sgb2oXx7saVaFMQ8SQKDrFo9QQTUlRv_s69ckGEuUuOKsAYIQJC9AO9P2lioKsNJn6Cvjf0IyzSej3Mcj4NsYymGLkZAFtQ_ZK7Whw17B2gq9ExX0Fa1CWOR8qoGhQHKjUxT-C9DCGua5ZSmkA6RK_mdW_4l8QhaYySucqcZISBbhmfwLTFwq8SP3da9QEjV7Ibusqqk9l7mClc16Oy5xrLJsO-NIUPxxRq10pqvxZkmZjU9qp6SKwCGfSavNIJg4OdGnH3HIiTEpmps0dFJGdJGXd-HCg.jWAK1GR_9CTFOXzyjfCGdonTR5WxUnwTzYvUFSGj4Ho&dib_tag=se&keywords=cosmetics&qid=1759170219&sr=8-5,https://m.media-amazon.com/images/I/61b2tDBxhlL._AC_UL320_.jpg,,4.2,,2025-09-29 23:53:40,0.0,NON_COMPLIANT,"Missing required field: net_quantity; Missing required field: unit; Missing required field: manufacturer_name; Missing required field: manufacturer_address; Missing required field: consumer_care; Missing required field: country_of_origin; MRP must explicitly state tax inclusivity (e.g., 'inclusive of all taxes') - Legal Metrology Rule 6; Manufacturing date missing - Legal Metrology requirement; Complete manufacturer address required - Legal Metrology Rule 7; Consumer care details required - Consumer Protection Act 2019","{'extracted_fields': {'mrp_value': 103.0, 'net_quantity_value': None, 'unit': None, 'manufacturer_name': None, 'manufacturer_address': None, 'consumer_care': None, 'country_of_origin': None, 'mfg_date': None, 'expiry_date': None}, 'validation_issues': [{'field': 'net_quantity', 'level': 'ERROR', 'message': 'Missing required field: net_quantity'}, {'field': 'unit', 'level': 'ERROR', 'message': 'Missing required field: unit'}, {'field': 'manufacturer_name', 'level': 'ERROR', 'message': 'Missing required field: manufacturer_name'}, {'field': 'manufacturer_address', 'level': 'ERROR', 'message': 'Missing required field: manufacturer_address'}, {'field': 'consumer_care', 'level': 'ERROR', 'message': 'Missing required field: consumer_care'}, {'field': 'country_of_origin', 'level': 'ERROR', 'message': 'Missing required field: country_of_origin'}, {'field': 'mrp', 'level': 'ERROR', 'message': ""MRP must explicitly state tax inclusivity (e.g., 'inclusive of all taxes') - Legal Metrology Rule 6""}, {'field': 'mfg_date', 'level': 'ERROR', 'message': 'Manufacturing date missing - Legal Metrology requirement'}, {'field': 'manufacturer_address', 'level': 'ERROR', 'message': 'Complete manufacturer address required - Legal Metrology Rule 7'}, {'field': 'consumer_care', 'level': 'ERROR', 'message': 'Consumer care details required - Consumer Protection Act 2019'}], 'is_compliant': False, 'score': 0.0}"
Unknown Product,,85.0,,,,,,,,amazon,,https://www.amazon.in/Cosmetics-Enriched-Multipurpose-Lightweight-B07-05/dp/B0CG6JKPDQ/ref=sr_1_6?dib=eyJ2IjoiMSJ9.XItYdNpo2vGP3sgb2oXx7saVaFMQ8SQKDrFo9QQTUlRv_s69ckGEuUuOKsAYIQJC9AO9P2lioKsNJn6Cvjf0IyzSej3Mcj4NsYymGLkZAFtQ_ZK7Whw17B2gq9ExX0Fa1CWOR8qoGhQHKjUxT-C9DCGua5ZSmkA6RK_mdW_4l8QhaYySucqcZISBbhmfwLTFwq8SP3da9QEjV7Ibusqqk9l7mClc16Oy5xrLJsO-NIUPxxRq10pqvxZkmZjU9qp6SKwCGfSavNIJg4OdGnH3HIiTEpmps0dFJGdJGXd-HCg.jWAK1GR_9CTFOXzyjfCGdonTR5WxUnwTzYvUFSGj4Ho&dib_tag=se&keywords=cosmetics&qid=1759170219&sr=8-6,https://m.media-amazon.com/images/I/61mBXK2LsmL._AC_UL320_.jpg,,4.1,,2025-09-29 23:53:40,0.0,NON_COMPLIANT,"Missing required field: net_quantity; Missing required field: unit; Missing required field: manufacturer_name; Missing required field: manufacturer_address; Missing required field: consumer_care; Missing required field: country_of_origin; MRP must explicitly state tax inclusivity (e.g., 'inclusive of all taxes') - Legal Metrology Rule 6; Manufacturing date missing - Legal Metrology requirement; Complete manufacturer address required - Legal Metrology Rule 7; Consumer care details required - Consumer Protection Act 2019","{'extracted_fields': {'mrp_value': 85.0, 'net_quantity_value': None, 'unit': None, 'manufacturer_name': None, 'manufacturer_address': None, 'consumer_care': None, 'country_of_origin': None, 'mfg_date': None, 'expiry_date': None}, 'validation_issues': [{'field': 'net_quantity', 'level': 'ERROR', 'message': 'Missing required field: net_quantity'}, {'field': 'unit', 'level': 'ERROR', 'message': 'Missing required field: unit'}, {'field': 'manufacturer_name', 'level': 'ERROR', 'message': 'Missing required field: manufacturer_name'}, {'field': 'manufacturer_address', 'level': 'ERROR', 'message': 'Missing required field: manufacturer_address'}, {'field': 'consumer_care', 'level': 'ERROR', 'message': 'Missing required field: consumer_care'}, {'field': 'country_of_origin', 'level': 'ERROR', 'message': 'Missing required field: country_of_origin'}, {'field': 'mrp', 'level': 'ERROR', 'message': ""MRP must explicitly state tax inclusivity (e.g., 'inclusive of all taxes') - Legal Metrology Rule 6""}, {'field': 'mfg_date', 'level': 'ERROR', 'message': 'Manufacturing date missing - Legal Metrology requirement'}, {'field': 'manufacturer_address', 'level': 'ERROR', 'message': 'Complete manufacturer address required - Legal Metrology Rule 7'}, {'field': 'consumer_care', 'level': 'ERROR', 'message': 'Consumer care details required - Consumer Protection Act 2019'}], 'is_compliant': False, 'score': 0.0}"
Unknown Product,,120.0,,,,,,,,amazon,,https://www.amazon.in/Maybelline-York-12Hr-Control-Compact/dp/B08QSWPZS5/ref=sr_1_7?dib=eyJ2IjoiMSJ9.XItYdNpo2vGP3sgb2oXx7saVaFMQ8SQKDrFo9QQTUlRv_s69ckGEuUuOKsAYIQJC9AO9P2lioKsNJn6Cvjf0IyzSej3Mcj4NsYymGLkZAFtQ_ZK7Whw17B2gq9ExX0Fa1CWOR8qoGhQHKjUxT-C9DCGua5ZSmkA6RK_mdW_4l8QhaYySucqcZISBbhmfwLTFwq8SP3da9QEjV7Ibusqqk9l7mClc16Oy5xrLJsO-NIUPxxRq10pqvxZkmZjU9qp6SKwCGfSavNIJg4OdGnH3HIiTEpmps0dFJGdJGXd-HCg.jWAK1GR_9CTFOXzyjfCGdonTR5WxUnwTzYvUFSGj4Ho&dib_tag=se&keywords=cosmetics&qid=1759170219&sr=8-7,https://m.media-amazon.com/images/I/61FDV10Re5L._AC_UL320_.jpg,,4.2,,2025-09-29 23:53:40,0.0,NON_COMPLIANT,"Missing required field: net_quantity; Missing required field: unit; Missing required field: manufacturer_name; Missing required field: manufacturer_address; Missing required field: consumer_care; Missing required field: country_of_origin; MRP must explicitly state tax inclusivity (e.g., 'inclusive of all taxes') - Legal Metrology Rule 6; Manufacturing date missing - Legal Metrology requirement; Complete manufacturer address required - Legal Metrology Rule 7; Consumer care details required - Consumer Protection Act 2019","{'extracted_fields': {'mrp_value': 120.0, 'net_quantity_value': None, 'unit': None, 'manufacturer_name': None, 'manufacturer_address': None, 'consumer_care': None, 'country_of_origin': None, 'mfg_date': None, 'expiry_date': None}, 'validation_issues': [{'field': 'net_quantity', 'level': 'ERROR', 'message': 'Missing required field: net_quantity'}, {'field': 'unit', 'level': 'ERROR', 'message': 'Missing required field: unit'}, {'field': 'manufacturer_name', 'level': 'ERROR', 'message': 'Missing required field: manufacturer_name'}, {'field': 'manufacturer_address', 'level': 'ERROR', 'message': 'Missing required field: manufacturer_address'}, {'field': 'consumer_care', 'level': 'ERROR', 'message': 'Missing required field: consumer_care'}, {'field': 'country_of_origin', 'level': 'ERROR', 'message': 'Missing required field: country_of_origin'}, {'field': 'mrp', 'level': 'ERROR', 'message': ""MRP must explicitly state tax inclusivity (e.g., 'inclusive of all taxes') - Legal Metrology Rule 6""}, {'field': 'mfg_date', 'level': 'ERROR', 'message': 'Manufacturing date missing - Legal Metrology requirement'}, {'field': 'manufacturer_address', 'level': 'ERROR', 'message': 'Complete manufacturer address required - Legal Metrology Rule 7'}, {'field': 'consumer_care', 'level': 'ERROR', 'message': 'Consumer care details required - Consumer Protection Act 2019'}], 'is_compliant': False, 'score': 0.0}"
Unknown Product,,171.0,,,,,,,,amazon,,https://www.amazon.in/Maybelline-Matte-Poreless-Liquid-Foundation/dp/B07PMCNNPY/ref=sr_1_8?dib=eyJ2IjoiMSJ9.XItYdNpo2vGP3sgb2oXx7saVaFMQ8SQKDrFo9QQTUlRv_s69ckGEuUuOKsAYIQJC9AO9P2lioKsNJn6Cvjf0IyzSej3Mcj4NsYymGLkZAFtQ_ZK7Whw17B2gq9ExX0Fa1CWOR8qoGhQHKjUxT-C9DCGua5ZSmkA6RK_mdW_4l8QhaYySucqcZISBbhmfwLTFwq8SP3da9QEjV7Ibusqqk9l7mClc16Oy5xrLJsO-NIUPxxRq10pqvxZkmZjU9qp6SKwCGfSavNIJg4OdGnH3HIiTEpmps0dFJGdJGXd-HCg.jWAK1GR_9CTFOXzyjfCGdonTR5WxUnwTzYvUFSGj4Ho&dib_tag=se&keywords=cosmetics&qid=1759170219&sr=8-8,https://m.media-amazon.com/images/I/41gfpqs4D6L._AC_UL320_.jpg,,4.1,,2025-09-29 23:53:40,0.0,NON_COMPLIANT,"Missing required field: net_quantity; Missing required field: unit; Missing required field: manufacturer_name; Missing required field: manufacturer_address; Missing required field: consumer_care; Missing required field: country_of_origin; MRP must explicitly state tax inclusivity (e.g., 'inclusive of all taxes') - Legal Metrology Rule 6; Manufacturing date missing - Legal Metrology requirement; Complete manufacturer address required - Legal Metrology Rule 7; Consumer care details required - Consumer Protection Act 2019","{'extracted_fields': {'mrp_value': 171.0, 'net_quantity_value': None, 'unit': None, 'manufacturer_name': None, 'manufacturer_address': None, 'consumer_care': None, 'country_of_origin': None, 'mfg_date': None, 'expiry_date': None}, 'validation_issues': [{'field': 'net_quantity', 'level': 'ERROR', 'message': 'Missing required field: net_quantity'}, {'field': 'unit', 'level': 'ERROR', 'message': 'Missing required field: unit'}, {'field': 'manufacturer_name', 'level': 'ERROR', 'message': 'Missing required field: manufacturer_name'}, {'field': 'manufacturer_address', 'level': 'ERROR', 'message': 'Missing required field: manufacturer_address'}, {'field': 'consumer_care', 'level': 'ERROR', 'message': 'Missing required field: consumer_care'}, {'field': 'country_of_origin', 'level': 'ERROR', 'message': 'Missing required field: country_of_origin'}, {'field': 'mrp', 'level': 'ERROR', 'message': ""MRP must explicitly state tax inclusivity (e.g., 'inclusive of all taxes') - Legal Metrology Rule 6""}, {'field': 'mfg_date', 'level': 'ERROR', 'message': 'Manufacturing date missing - Legal Metrology requirement'}, {'field': 'manufacturer_address', 'level': 'ERROR', 'message': 'Complete manufacturer address required - Legal Metrology Rule 7'}, {'field': 'consumer_care', 'level': 'ERROR', 'message': 'Consumer care details required - Consumer Protection Act 2019'}], 'is_compliant': False, 'score': 0.0}"
Unknown Product,,99.0,,,,,,,,amazon,,https://www.amazon.in/Lakme-CC-Cream-Mini-Moisturizer/dp/B01BBNF6C6/ref=sr_1_9?dib=eyJ2IjoiMSJ9.XItYdNpo2vGP3sgb2oXx7saVaFMQ8SQKDrFo9QQTUlRv_s69ckGEuUuOKsAYIQJC9AO9P2lioKsNJn6Cvjf0IyzSej3Mcj4NsYymGLkZAFtQ_ZK7Whw17B2gq9ExX0Fa1CWOR8qoGhQHKjUxT-C9DCGua5ZSmkA6RK_mdW_4l8QhaYySucqcZISBbhmfwLTFwq8SP3da9QEjV7Ibusqqk9l7mClc16Oy5xrLJsO-NIUPxxRq10pqvxZkmZjU9qp6SKwCGfSavNIJg4OdGnH3HIiTEpmps0dFJGdJGXd-HCg.jWAK1GR_9CTFOXzyjfCGdonTR5WxUnwTzYvUFSGj4Ho&dib_tag=se&keywords=cosmetics&qid=1759170219&sr=8-9,https://m.media-amazon.com/images/I/51IgR2yRK2L._AC_UL320_.jpg,,4.1,,2025-09-29 23:53:40,0.0,NON_COMPLIANT,"Missing required field: net_quantity; Missing required field: unit; Missing required field: manufacturer_name; Missing required field: manufacturer_address; Missing required field: consumer_care; Missing required field: country_of_origin; MRP must explicitly state tax inclusivity (e.g., 'inclusive of all taxes') - Legal Metrology Rule 6; Manufacturing date missing - Legal Metrology requirement; Complete manufacturer address required - Legal Metrology Rule 7; Consumer care details required - Consumer Protection Act 2019","{'extracted_fields': {'mrp_value': 99.0, 'net_quantity_value': None, 'unit': None, 'manufacturer_name': None, 'manufacturer_address': None, 'consumer_care': None, 'country_of_origin': None, 'mfg_date': None, 'expiry_date': None}, 'validation_issues': [{'field': 'net_quantity', 'level': 'ERROR', 'message': 'Missing required field: net_quantity'}, {'field': 'unit', 'level': 'ERROR', 'message': 'Missing required field: unit'}, {'field': 'manufacturer_name', 'level': 'ERROR', 'message': 'Missing required field: manufacturer_name'}, {'field': 'manufacturer_address', 'level': 'ERROR', 'message': 'Missing required field: manufacturer_address'}, {'field': 'consumer_care', 'level': 'ERROR', 'message': 'Missing required field: consumer_care'}, {'field': 'country_of_origin', 'level': 'ERROR', 'message': 'Missing required field: country_of_origin'}, {'field': 'mrp', 'level': 'ERROR', 'message': ""MRP must explicitly state tax inclusivity (e.g., 'inclusive of all taxes') - Legal Metrology Rule 6""}, {'field': 'mfg_date', 'level': 'ERROR', 'message': 'Manufacturing date missing - Legal Metrology requirement'}, {'field': 'manufacturer_address', 'level': 'ERROR', 'message': 'Complete manufacturer address required - Legal Metrology Rule 7'}, {'field': 'consumer_care', 'level': 'ERROR', 'message': 'Consumer care details required - Consumer Protection Act 2019'}], 'is_compliant': False, 'score': 0.0}"
Unknown Product,,127.0,,,,,,,,amazon,,https://www.amazon.in/SUGAR-Cosmetics-Tipsy-Lips-Moisturizing/dp/B08J3PB1Q1/ref=sr_1_10?dib=eyJ2IjoiMSJ9.XItYdNpo2vGP3sgb2oXx7saVaFMQ8SQKDrFo9QQTUlRv_s69ckGEuUuOKsAYIQJC9AO9P2lioKsNJn6Cvjf0IyzSej3Mcj4NsYymGLkZAFtQ_ZK7Whw17B2gq9ExX0Fa1CWOR8qoGhQHKjUxT-C9DCGua5ZSmkA6RK_mdW_4l8QhaYySucqcZISBbhmfwLTFwq8SP3da9QEjV7Ibusqqk9l7mClc16Oy5xrLJsO-NIUPxxRq10pqvxZkmZjU9qp6SKwCGfSavNIJg4OdGnH3HIiTEpmps0dFJGdJGXd-HCg.jWAK1GR_9CTFOXzyjfCGdonTR5WxUnwTzYvUFSGj4Ho&dib_tag=se&keywords=cosmetics&qid=1759170219&sr=8-10,https://m.media-amazon.com/images/I/61pv8VCXycL._AC_UL320_.jpg,,4.2,,2025-09-29 23:53:40,0.0,NON_COMPLIANT,"Missing required field: net_quantity; Missing required field: unit; Missing required field: manufacturer_name; Missing required field: manufacturer_address; Missing required field: consumer_care; Missing required field: country_of_origin; MRP must explicitly state tax inclusivity (e.g., 'inclusive of all taxes') - Legal Metrology Rule 6; Manufacturing date missing - Legal Metrology requirement; Complete manufacturer address required - Legal Metrology Rule 7; Consumer care details required - Consumer Protection Act 2019","{'extracted_fields': {'mrp_value': 127.0, 'net_quantity_value': None, 'unit': None, 'manufacturer_name': None, 'manufacturer_address': None, 'consumer_care': None, 'country_of_origin': None, 'mfg_date': None, 'expiry_date': None}, 'validation_issues': [{'field': 'net_quantity', 'level': 'ERROR', 'message': 'Missing required field: net_quantity'}, {'field': 'unit', 'level': 'ERROR', 'message': 'Missing required field: unit'}, {'field': 'manufacturer_name', 'level': 'ERROR', 'message': 'Missing required field: manufacturer_name'}, {'field': 'manufacturer_address', 'level': 'ERROR', 'message': 'Missing required field: manufacturer_address'}, {'field': 'consumer_care', 'level': 'ERROR', 'message': 'Missing required field: consumer_care'}, {'field': 'country_of_origin', 'level': 'ERROR', 'message': 'Missing required field: country_of_origin'}, {'field': 'mrp', 'level': 'ERROR', 'message': ""MRP must explicitly state tax inclusivity (e.g., 'inclusive of all taxes') - Legal Metrology Rule 6""}, {'field': 'mfg_date', 'level': 'ERROR', 'message': 'Manufacturing date missing - Legal Metrology requirement'}, {'field': 'manufacturer_address', 'level': 'ERROR', 'message': 'Complete manufacturer address required - Legal Metrology Rule 7'}, {'field': 'consumer_care', 'level': 'ERROR', 'message': 'Consumer care details required - Consumer Protection Act 2019'}], 'is_compliant': False, 'score': 0.0}"
Unknown Product,,188.0,,,,,,,,amazon,,https://www.amazon.in/Xelvix-Toiletries-Organizer-Cosmetic-Portable/dp/B0B9GMP3VQ/ref=sr_1_11?dib=eyJ2IjoiMSJ9.XItYdNpo2vGP3sgb2oXx7saVaFMQ8SQKDrFo9QQTUlRv_s69ckGEuUuOKsAYIQJC9AO9P2lioKsNJn6Cvjf0IyzSej3Mcj4NsYymGLkZAFtQ_ZK7Whw17B2gq9ExX0Fa1CWOR8qoGhQHKjUxT-C9DCGua5ZSmkA6RK_mdW_4l8QhaYySucqcZISBbhmfwLTFwq8SP3da9QEjV7Ibusqqk9l7mClc16Oy5xrLJsO-NIUPxxRq10pqvxZkmZjU9qp6SKwCGfSavNIJg4OdGnH3HIiTEpmps0dFJGdJGXd-HCg.jWAK1GR_9CTFOXzyjfCGdonTR5WxUnwTzYvUFSGj4Ho&dib_tag=se&keywords=cosmetics&qid=1759170219&sr=8-11,https://m.media-amazon.com/images/I/61hDIw9CGkL._AC_UL320_.jpg,,4.3,,2025-09-29 23:53:40,0.0,NON_COMPLIANT,"Missing required field: net_quantity; Missing required field: unit; Missing required field: manufacturer_name; Missing required field: manufacturer_address; Missing required field: consumer_care; Missing required field: country_of_origin; MRP must explicitly state tax inclusivity (e.g., 'inclusive of all taxes') - Legal Metrology Rule 6; Manufacturing date missing - Legal Metrology requirement; Complete manufacturer address required - Legal Metrology Rule 7; Consumer care details required - Consumer Protection Act 2019","{'extracted_fields': {'mrp_value': 188.0, 'net_quantity_value': None, 'unit': None, 'manufacturer_name': None, 'manufacturer_address': None, 'consumer_care': None, 'country_of_origin': None, 'mfg_date': None, 'expiry_date': None}, 'validation_issues': [{'field': 'net_quantity', 'level': 'ERROR', 'message': 'Missing required field: net_quantity'}, {'field': 'unit', 'level': 'ERROR', 'message': 'Missing required field: unit'}, {'field': 'manufacturer_name', 'level': 'ERROR', 'message': 'Missing required field: manufacturer_name'}, {'field': 'manufacturer_address', 'level': 'ERROR', 'message': 'Missing required field: manufacturer_address'}, {'field': 'consumer_care', 'level': 'ERROR', 'message': 'Missing required field: consumer_care'}, {'field': 'country_of_origin', 'level': 'ERROR', 'message': 'Missing required field: country_of_origin'}, {'field': 'mrp', 'level': 'ERROR', 'message': ""MRP must explicitly state tax inclusivity (e.g., 'inclusive of all taxes') - Legal Metrology Rule 6""}, {'field': 'mfg_date', 'level': 'ERROR', 'message': 'Manufacturing date missing - Legal Metrology requirement'}, {'field': 'manufacturer_address', 'level': 'ERROR', 'message': 'Complete manufacturer address required - Legal Metrology Rule 7'}, {'field': 'consumer_care', 'level': 'ERROR', 'message': 'Consumer care details required - Consumer Protection Act 2019'}], 'is_compliant': False, 'score': 0.0}"
Unknown Product,,208.0,,,,,,,,amazon,,https://www.amazon.in/Maybelline-Hypercurl-Mascara-Waterproof-Black/dp/B0079Z0AMM/ref=sr_1_12?dib=eyJ2IjoiMSJ9.XItYdNpo2vGP3sgb2oXx7saVaFMQ8SQKDrFo9QQTUlRv_s69ckGEuUuOKsAYIQJC9AO9P2lioKsNJn6Cvjf0IyzSej3Mcj4NsYymGLkZAFtQ_ZK7Whw17B2gq9ExX0Fa1CWOR8qoGhQHKjUxT-C9DCGua5ZSmkA6RK_mdW_4l8QhaYySucqcZISBbhmfwLTFwq8SP3da9QEjV7Ibusqqk9l7mClc16Oy5xrLJsO-NIUPxxRq10pqvxZkmZjU9qp6SKwCGfSavNIJg4OdGnH3HIiTEpmps0dFJGdJGXd-HCg.jWAK1GR_9CTFOXzyjfCGdonTR5WxUnwTzYvUFSGj4Ho&dib_tag=se&keywords=cosmetics&qid=1759170219&sr=8-12,https://m.media-amazon.com/images/I/51Y2UGLW+bL._AC_UL320_.jpg,,4.2,,2025-09-29 23:53:40,0.0,NON_COMPLIANT,"Missing required field: net_quantity; Missing required field: unit; Missing required field: manufacturer_name; Missing required field: manufacturer_address; Missing required field: consumer_care; Missing required field: country_of_origin; MRP must explicitly state tax inclusivity (e.g., 'inclusive of all taxes') - Legal Metrology Rule 6; Manufacturing date missing - Legal Metrology requirement; Complete manufacturer address required - Legal Metrology Rule 7; Consumer care details required - Consumer Protection Act 2019","{'extracted_fields': {'mrp_value': 208.0, 'net_quantity_value': None, 'unit': None, 'manufacturer_name': None, 'manufacturer_address': None, 'consumer_care': None, 'country_of_origin': None, 'mfg_date': None, 'expiry_date': None}, 'validation_issues': [{'field': 'net_quantity', 'level': 'ERROR', 'message': 'Missing required field: net_quantity'}, {'field': 'unit', 'level': 'ERROR', 'message': 'Missing required field: unit'}, {'field': 'manufacturer_name', 'level': 'ERROR', 'message': 'Missing required field: manufacturer_name'}, {'field': 'manufacturer_address', 'level': 'ERROR', 'message': 'Missing required field: manufacturer_address'}, {'field': 'consumer_care', 'level': 'ERROR', 'message': 'Missing required field: consumer_care'}, {'field': 'country_of_origin', 'level': 'ERROR', 'message': 'Missing required field: country_of_origin'}, {'field': 'mrp', 'level': 'ERROR', 'message': ""MRP must explicitly state tax inclusivity (e.g., 'inclusive of all taxes') - Legal Metrology Rule 6""}, {'field': 'mfg_date', 'level': 'ERROR', 'message': 'Manufacturing date missing - Legal Metrology requirement'}, {'field': 'manufacturer_address', 'level': 'ERROR', 'message': 'Complete manufacturer address required - Legal Metrology Rule 7'}, {'field': 'consumer_care', 'level': 'ERROR', 'message': 'Consumer care details required - Consumer Protection Act 2019'}], 'is_compliant': False, 'score': 0.0}"
Unknown Product,,428.0,,,,,,,,amazon,,https://www.amazon.in/Blue-Heaven-Festive-Combo-Multicolor/dp/B09HSQ15DZ/ref=sr_1_13?dib=eyJ2IjoiMSJ9.XItYdNpo2vGP3sgb2oXx7saVaFMQ8SQKDrFo9QQTUlRv_s69ckGEuUuOKsAYIQJC9AO9P2lioKsNJn6Cvjf0IyzSej3Mcj4NsYymGLkZAFtQ_ZK7Whw17B2gq9ExX0Fa1CWOR8qoGhQHKjUxT-C9DCGua5ZSmkA6RK_mdW_4l8QhaYySucqcZISBbhmfwLTFwq8SP3da9QEjV7Ibusqqk9l7mClc16Oy5xrLJsO-NIUPxxRq10pqvxZkmZjU9qp6SKwCGfSavNIJg4OdGnH3HIiTEpmps0dFJGdJGXd-HCg.jWAK1GR_9CTFOXzyjfCGdonTR5WxUnwTzYvUFSGj4Ho&dib_tag=se&keywords=cosmetics&qid=1759170219&sr=8-13,https://m.media-amazon.com/images/I/71TtkiOaU7L._AC_UL320_.jpg,,4.1,,2025-09-29 23:53:40,0.0,NON_COMPLIANT,"Missing required field: net_quantity; Missing required field: unit; Missing required field: manufacturer_name; Missing required field: manufacturer_address; Missing required field: consumer_care; Missing required field: country_of_origin; MRP must explicitly state tax inclusivity (e.g., 'inclusive of all taxes') - Legal Metrology Rule 6; Manufacturing date missing - Legal Metrology requirement; Complete manufacturer address required - Legal Metrology Rule 7; Consumer care details required - Consumer Protection Act 2019","{'extracted_fields': {'mrp_value': 428.0, 'net_quantity_value': None, 'unit': None, 'manufacturer_name': None, 'manufacturer_address': None, 'consumer_care': None, 'country_of_origin': None, 'mfg_date': None, 'expiry_date': None}, 'validation_issues': [{'field': 'net_quantity', 'level': 'ERROR', 'message': 'Missing required field: net_quantity'}, {'field': 'unit', 'level': 'ERROR', 'message': 'Missing required field: unit'}, {'field': 'manufacturer_name', 'level': 'ERROR', 'message': 'Missing required field: manufacturer_name'}, {'field': 'manufacturer_address', 'level': 'ERROR', 'message': 'Missing required field: manufacturer_address'}, {'field': 'consumer_care', 'level': 'ERROR', 'message': 'Missing required field: consumer_care'}, {'field': 'country_of_origin', 'level': 'ERROR', 'message': 'Missing required field: country_of_origin'}, {'field': 'mrp', 'level': 'ERROR', 'message': ""MRP must explicitly state tax inclusivity (e.g., 'inclusive of all taxes') - Legal Metrology Rule 6""}, {'field': 'mfg_date', 'level': 'ERROR', 'message': 'Manufacturing date missing - Legal Metrology requirement'}, {'field': 'manufacturer_address', 'level': 'ERROR', 'message': 'Complete manufacturer address required - Legal Metrology Rule 7'}, {'field': 'consumer_care', 'level': 'ERROR', 'message': 'Consumer care details required - Consumer Protection Act 2019'}], 'is_compliant': False, 'score': 0.0}"
Unknown Product,,49.0,,,,,,,,amazon,,https://www.amazon.in/MARS-Smooth-Application-Lasting-01-LUSTY/dp/B0C9MS7LYF/ref=sr_1_14?dib=eyJ2IjoiMSJ9.XItYdNpo2vGP3sgb2oXx7saVaFMQ8SQKDrFo9QQTUlRv_s69ckGEuUuOKsAYIQJC9AO9P2lioKsNJn6Cvjf0IyzSej3Mcj4NsYymGLkZAFtQ_ZK7Whw17B2gq9ExX0Fa1CWOR8qoGhQHKjUxT-C9DCGua5ZSmkA6RK_mdW_4l8QhaYySucqcZISBbhmfwLTFwq8SP3da9QEjV7Ibusqqk9l7mClc16Oy5xrLJsO-NIUPxxRq10pqvxZkmZjU9qp6SKwCGfSavNIJg4OdGnH3HIiTEpmps0dFJGdJGXd-HCg.jWAK1GR_9CTFOXzyjfCGdonTR5WxUnwTzYvUFSGj4Ho&dib_tag=se&keywords=cosmetics&qid=1759170219&sr=8-14,https://m.media-amazon.com/images/I/61DrkqLmUyL._AC_UL320_.jpg,,4.3,,2025-09-29 23:53:40,0.0,NON_COMPLIANT,"Missing required field: net_quantity; Missing required field: unit; Missing required field: manufacturer_name; Missing required field: manufacturer_address; Missing required field: consumer_care; Missing required field: country_of_origin; MRP must explicitly state tax inclusivity (e.g., 'inclusive of all taxes') - Legal Metrology Rule 6; Manufacturing date missing - Legal Metrology requirement; Complete manufacturer address required - Legal Metrology Rule 7; Consumer care details required - Consumer Protection Act 2019","{'extracted_fields': {'mrp_value': 49.0, 'net_quantity_value': None, 'unit': None, 'manufacturer_name': None, 'manufacturer_address': None, 'consumer_care': None, 'country_of_origin': None, 'mfg_date': None, 'expiry_date': None}, 'validation_issues': [{'field': 'net_quantity', 'level': 'ERROR', 'message': 'Missing required field: net_quantity'}, {'field': 'unit', 'level': 'ERROR', 'message': 'Missing required field: unit'}, {'field': 'manufacturer_name', 'level': 'ERROR', 'message': 'Missing required field: manufacturer_name'}, {'field': 'manufacturer_address', 'level': 'ERROR', 'message': 'Missing required field: manufacturer_address'}, {'field': 'consumer_care', 'level': 'ERROR', 'message': 'Missing required field: consumer_care'}, {'field': 'country_of_origin', 'level': 'ERROR', 'message': 'Missing required field: country_of_origin'}, {'field': 'mrp', 'level': 'ERROR', 'message': ""MRP must explicitly state tax inclusivity (e.g., 'inclusive of all taxes') - Legal Metrology Rule 6""}, {'field': 'mfg_date', 'level': 'ERROR', 'message': 'Manufacturing date missing - Legal Metrology requirement'}, {'field': 'manufacturer_address', 'level': 'ERROR', 'message': 'Complete manufacturer address required - Legal Metrology Rule 7'}, {'field': 'consumer_care', 'level': 'ERROR', 'message': 'Consumer care details required - Consumer Protection Act 2019'}], 'is_compliant': False, 'score': 0.0}"
Unknown Product,,195.0,,,,,,,,amazon,,https://www.amazon.in/ALOXE-Cosmetic-Organizer-Stationary-Organiser/dp/B0BLK9X25W/ref=sr_1_15?dib=eyJ2IjoiMSJ9.XItYdNpo2vGP3sgb2oXx7saVaFMQ8SQKDrFo9QQTUlRv_s69ckGEuUuOKsAYIQJC9AO9P2lioKsNJn6Cvjf0IyzSej3Mcj4NsYymGLkZAFtQ_ZK7Whw17B2gq9ExX0Fa1CWOR8qoGhQHKjUxT-C9DCGua5ZSmkA6RK_mdW_4l8QhaYySucqcZISBbhmfwLTFwq8SP3da9QEjV7Ibusqqk9l7mClc16Oy5xrLJsO-NIUPxxRq10pqvxZkmZjU9qp6SKwCGfSavNIJg4OdGnH3HIiTEpmps0dFJGdJGXd-HCg.jWAK1GR_9CTFOXzyjfCGdonTR5WxUnwTzYvUFSGj4Ho&dib_tag=se&keywords=cosmetics&qid=1759170219&sr=8-15,https://m.media-amazon.com/images/I/71a0mwTxooL._AC_UL320_.jpg,,4.1,,2025-09-29 23:53:40,0.0,NON_COMPLIANT,"Missing required field: net_quantity; Missing required field: unit; Missing required field: manufacturer_name; Missing required field: manufacturer_address; Missing required field: consumer_care; Missing required field: country_of_origin; MRP must explicitly state tax inclusivity (e.g., 'inclusive of all taxes') - Legal Metrology Rule 6; Manufacturing date missing - Legal Metrology requirement; Complete manufacturer address required - Legal Metrology Rule 7; Consumer care details required - Consumer Protection Act 2019","{'extracted_fields': {'mrp_value': 195.0, 'net_quantity_value': None, 'unit': None, 'manufacturer_name': None, 'manufacturer_address': None, 'consumer_care': None, 'country_of_origin': None, 'mfg_date': None, 'expiry_date': None}, 'validation_issues': [{'field': 'net_quantity', 'level': 'ERROR', 'message': 'Missing required field: net_quantity'}, {'field': 'unit', 'level': 'ERROR', 'message': 'Missing required field: unit'}, {'field': 'manufacturer_name', 'level': 'ERROR', 'message': 'Missing required field: manufacturer_name'}, {'field': 'manufacturer_address', 'level': 'ERROR', 'message': 'Missing required field: manufacturer_address'}, {'field': 'consumer_care', 'level': 'ERROR', 'message': 'Missing required field: consumer_care'}, {'field': 'country_of_origin', 'level': 'ERROR', 'message': 'Missing required field: country_of_origin'}, {'field': 'mrp', 'level': 'ERROR', 'message': ""MRP must explicitly state tax inclusivity (e.g., 'inclusive of all taxes') - Legal Metrology Rule 6""}, {'field': 'mfg_date', 'level': 'ERROR', 'message': 'Manufacturing date missing - Legal Metrology requirement'}, {'field': 'manufacturer_address', 'level': 'ERROR', 'message': 'Complete manufacturer address required - Legal Metrology Rule 7'}, {'field': 'consumer_care', 'level': 'ERROR', 'message': 'Consumer care details required - Consumer Protection Act 2019'}], 'is_compliant': False, 'score': 0.0}"
Unknown Product,,229.0,,,,,,,,amazon,,https://www.amazon.in/JRM-Capacity-Cosmetic-Waterproof-Organizer/dp/B0D9P5S955/ref=sr_1_16?dib=eyJ2IjoiMSJ9.XItYdNpo2vGP3sgb2oXx7saVaFMQ8SQKDrFo9QQTUlRv_s69ckGEuUuOKsAYIQJC9AO9P2lioKsNJn6Cvjf0IyzSej3Mcj4NsYymGLkZAFtQ_ZK7Whw17B2gq9ExX0Fa1CWOR8qoGhQHKjUxT-C9DCGua5ZSmkA6RK_mdW_4l8QhaYySucqcZISBbhmfwLTFwq8SP3da9QEjV7Ibusqqk9l7mClc16Oy5xrLJsO-NIUPxxRq10pqvxZkmZjU9qp6SKwCGfSavNIJg4OdGnH3HIiTEpmps0dFJGdJGXd-HCg.jWAK1GR_9CTFOXzyjfCGdonTR5WxUnwTzYvUFSGj4Ho&dib_tag=se&keywords=cosmetics&qid=1759170219&sr=8-16,https://m.media-amazon.com/images/I/61qRyUuMqKL._AC_UL320_.jpg,,3.8,,2025-09-29 23:53:40,0.0,NON_COMPLIANT,"Missing required field: net_quantity; Missing required field: unit; Missing required field: manufacturer_name; Missing required field: manufacturer_address; Missing required field: consumer_care; Missing required field: country_of_origin; MRP must explicitly state tax inclusivity (e.g., 'inclusive of all taxes') - Legal Metrology Rule 6; Manufacturing date missing - Legal Metrology requirement; Complete manufacturer address required - Legal Metrology Rule 7; Consumer care details required - Consumer Protection Act 2019","{'extracted_fields': {'mrp_value': 229.0, 'net_quantity_value': None, 'unit': None, 'manufacturer_name': None, 'manufacturer_address': None, 'consumer_care': None, 'country_of_origin': None, 'mfg_date': None, 'expiry_date': None}, 'validation_issues': [{'field': 'net_quantity', 'level': 'ERROR', 'message': 'Missing required field: net_quantity'}, {'field': 'unit', 'level': 'ERROR', 'message': 'Missing required field: unit'}, {'field': 'manufacturer_name', 'level': 'ERROR', 'message': 'Missing required field: manufacturer_name'}, {'field': 'manufacturer_address', 'level': 'ERROR', 'message': 'Missing required field: manufacturer_address'}, {'field': 'consumer_care', 'level': 'ERROR', 'message': 'Missing required field: consumer_care'}, {'field': 'country_of_origin', 'level': 'ERROR', 'message': 'Missing required field: country_of_origin'}, {'field': 'mrp', 'level': 'ERROR', 'message': ""MRP must explicitly state tax inclusivity (e.g., 'inclusive of all taxes') - Legal Metrology Rule 6""}, {'field': 'mfg_date', 'level': 'ERROR', 'message': 'Manufacturing date missing - Legal Metrology requirement'}, {'field': 'manufacturer_address', 'level': 'ERROR', 'message': 'Complete manufacturer address required - Legal Metrology Rule 7'}, {'field': 'consumer_care', 'level': 'ERROR', 'message': 'Consumer care details required - Consumer Protection Act 2019'}], 'is_compliant': False, 'score': 0.0}"
Unknown Product,,57.0,,,,,,,,amazon,,https://www.amazon.in/Beauty-Long-lasting-Finish-Non-drying-Shade-06/dp/B07Y3DPD17/ref=sr_1_17?dib=eyJ2IjoiMSJ9.XItYdNpo2vGP3sgb2oXx7saVaFMQ8SQKDrFo9QQTUlRv_s69ckGEuUuOKsAYIQJC9AO9P2lioKsNJn6Cvjf0IyzSej3Mcj4NsYymGLkZAFtQ_ZK7Whw17B2gq9ExX0Fa1CWOR8qoGhQHKjUxT-C9DCGua5ZSmkA6RK_mdW_4l8QhaYySucqcZISBbhmfwLTFwq8SP3da9QEjV7Ibusqqk9l7mClc16Oy5xrLJsO-NIUPxxRq10pqvxZkmZjU9qp6SKwCGfSavNIJg4OdGnH3HIiTEpmps0dFJGdJGXd-HCg.jWAK1GR_9CTFOXzyjfCGdonTR5WxUnwTzYvUFSGj4Ho&dib_tag=se&keywords=cosmetics&qid=1759170219&sr=8-17,https://m.media-amazon.com/images/I/51asZBikaOL._AC_UL320_.jpg,,4.2,,2025-09-29 23:53:40,0.0,NON_COMPLIANT,"Missing required field: net_quantity; Missing required field: unit; Missing required field: manufacturer_name; Missing required field: manufacturer_address; Missing required field: consumer_care; Missing required field: country_of_origin; MRP must explicitly state tax inclusivity (e.g., 'inclusive of all taxes') - Legal Metrology Rule 6; Manufacturing date missing - Legal Metrology requirement; Complete manufacturer address required - Legal Metrology Rule 7; Consumer care details required - Consumer Protection Act 2019","{'extracted_fields': {'mrp_value': 57.0, 'net_quantity_value': None, 'unit': None, 'manufacturer_name': None, 'manufacturer_address': None, 'consumer_care': None, 'country_of_origin': None, 'mfg_date': None, 'expiry_date': None}, 'validation_issues': [{'field': 'net_quantity', 'level': 'ERROR', 'message': 'Missing required field: net_quantity'}, {'field': 'unit', 'level': 'ERROR', 'message': 'Missing required field: unit'}, {'field': 'manufacturer_name', 'level': 'ERROR', 'message': 'Missing required field: manufacturer_name'}, {'field': 'manufacturer_address', 'level': 'ERROR', 'message': 'Missing required field: manufacturer_address'}, {'field': 'consumer_care', 'level': 'ERROR', 'message': 'Missing required field: consumer_care'}, {'field': 'country_of_origin', 'level': 'ERROR', 'message': 'Missing required field: country_of_origin'}, {'field': 'mrp', 'level': 'ERROR', 'message': ""MRP must explicitly state tax inclusivity (e.g., 'inclusive of all taxes') - Legal Metrology Rule 6""}, {'field': 'mfg_date', 'level': 'ERROR', 'message': 'Manufacturing date missing - Legal Metrology requirement'}, {'field': 'manufacturer_address', 'level': 'ERROR', 'message': 'Complete manufacturer address required - Legal Metrology Rule 7'}, {'field': 'consumer_care', 'level': 'ERROR', 'message': 'Consumer care details required - Consumer Protection Act 2019'}], 'is_compliant': False, 'score': 0.0}"
Unknown Product,,64.0,,,,,,,,amazon,,https://www.amazon.in/Ponds-Natural-Glow-Face-Powder/dp/B0B521CKF8/ref=sr_1_18?dib=eyJ2IjoiMSJ9.XItYdNpo2vGP3sgb2oXx7saVaFMQ8SQKDrFo9QQTUlRv_s69ckGEuUuOKsAYIQJC9AO9P2lioKsNJn6Cvjf0IyzSej3Mcj4NsYymGLkZAFtQ_ZK7Whw17B2gq9ExX0Fa1CWOR8qoGhQHKjUxT-C9DCGua5ZSmkA6RK_mdW_4l8QhaYySucqcZISBbhmfwLTFwq8SP3da9QEjV7Ibusqqk9l7mClc16Oy5xrLJsO-NIUPxxRq10pqvxZkmZjU9qp6SKwCGfSavNIJg4OdGnH3HIiTEpmps0dFJGdJGXd-HCg.jWAK1GR_9CTFOXzyjfCGdonTR5WxUnwTzYvUFSGj4Ho&dib_tag=se&keywords=cosmetics&qid=1759170219&sr=8-18,https://m.media-amazon.com/images/I/51pNLVL+DKL._AC_UL320_.jpg,,4.1,,2025-09-29 23:53:40,0.0,NON_COMPLIANT,"Missing required field: net_quantity; Missing required field: unit; Missing required field: manufacturer_name; Missing required field: manufacturer_address; Missing required field: consumer_care; Missing required field: country_of_origin; MRP must explicitly state tax inclusivity (e.g., 'inclusive of all taxes') - Legal Metrology Rule 6; Manufacturing date missing - Legal Metrology requirement; Complete manufacturer address required - Legal Metrology Rule 7; Consumer care details required - Consumer Protection Act 2019","{'extracted_fields': {'mrp_value': 64.0, 'net_quantity_value': None, 'unit': None, 'manufacturer_name': None, 'manufacturer_address': None, 'consumer_care': None, 'country_of_origin': None, 'mfg_date': None, 'expiry_date': None}, 'validation_issues': [{'field': 'net_quantity', 'level': 'ERROR', 'message': 'Missing required field: net_quantity'}, {'field': 'unit', 'level': 'ERROR', 'message': 'Missing required field: unit'}, {'field': 'manufacturer_name', 'level': 'ERROR', 'message': 'Missing required field: manufacturer_name'}, {'field': 'manufacturer_address', 'level': 'ERROR', 'message': 'Missing required field: manufacturer_address'}, {'field': 'consumer_care', 'level': 'ERROR', 'message': 'Missing required field: consumer_care'}, {'field': 'country_of_origin', 'level': 'ERROR', 'message': 'Missing required field: country_of_origin'}, {'field': 'mrp', 'level': 'ERROR', 'message': ""MRP must explicitly state tax inclusivity (e.g., 'inclusive of all taxes') - Legal Metrology Rule 6""}, {'field': 'mfg_date', 'level': 'ERROR', 'message': 'Manufacturing date missing - Legal Metrology requirement'}, {'field': 'manufacturer_address', 'level': 'ERROR', 'message': 'Complete manufacturer address required - Legal Metrology Rule 7'}, {'field': 'consumer_care', 'level': 'ERROR', 'message': 'Consumer care details required - Consumer Protection Act 2019'}], 'is_compliant': False, 'score': 0.0}"
Unknown Product,,133.0,,,,,,,,amazon,,https://www.amazon.in/Garnier-Naturals-Micellar-Cleansing-Water/dp/B06ZZ5XVR7/ref=sr_1_19?dib=eyJ2IjoiMSJ9.XItYdNpo2vGP3sgb2oXx7saVaFMQ8SQKDrFo9QQTUlRv_s69ckGEuUuOKsAYIQJC9AO9P2lioKsNJn6Cvjf0IyzSej3Mcj4NsYymGLkZAFtQ_ZK7Whw17B2gq9ExX0Fa1CWOR8qoGhQHKjUxT-C9DCGua5ZSmkA6RK_mdW_4l8QhaYySucqcZISBbhmfwLTFwq8SP3da9QEjV7Ibusqqk9l7mClc16Oy5xrLJsO-NIUPxxRq10pqvxZkmZjU9qp6SKwCGfSavNIJg4OdGnH3HIiTEpmps0dFJGdJGXd-HCg.jWAK1GR_9CTFOXzyjfCGdonTR5WxUnwTzYvUFSGj4Ho&dib_tag=se&keywords=cosmetics&qid=1759170219&sr=8-19,https://m.media-amazon.com/images/I/41yAKxKqv4L._AC_UL320_.jpg,,4.4,,2025-09-29 23:53:40,0.0,NON_COMPLIANT,"Missing required field: net_quantity; Missing required field: unit; Missing required field: manufacturer_name; Missing required field: manufacturer_address; Missing required field: consumer_care; Missing required field: country_of_origin; MRP must explicitly state tax inclusivity (e.g., 'inclusive of all taxes') - Legal Metrology Rule 6; Manufacturing date missing - Legal Metrology requirement; Complete manufacturer address required - Legal Metrology Rule 7; Consumer care details required - Consumer Protection Act 2019","{'extracted_fields': {'mrp_value': 133.0, 'net_quantity_value': None, 'unit': None, 'manufacturer_name': None, 'manufacturer_address': None, 'consumer_care': None, 'country_of_origin': None, 'mfg_date': None, 'expiry_date': None}, 'validation_issues': [{'field': 'net_quantity', 'level': 'ERROR', 'message': 'Missing required field: net_quantity'}, {'field': 'unit', 'level': 'ERROR', 'message': 'Missing required field: unit'}, {'field': 'manufacturer_name', 'level': 'ERROR', 'message': 'Missing required field: manufacturer_name'}, {'field': 'manufacturer_address', 'level': 'ERROR', 'message': 'Missing required field: manufacturer_address'}, {'field': 'consumer_care', 'level': 'ERROR', 'message': 'Missing required field: consumer_care'}, {'field': 'country_of_origin', 'level': 'ERROR', 'message': 'Missing required field: country_of_origin'}, {'field': 'mrp', 'level': 'ERROR', 'message': ""MRP must explicitly state tax inclusivity (e.g., 'inclusive of all taxes') - Legal Metrology Rule 6""}, {'field': 'mfg_date', 'level': 'ERROR', 'message': 'Manufacturing date missing - Legal Metrology requirement'}, {'field': 'manufacturer_address', 'level': 'ERROR', 'message': 'Complete manufacturer address required - Legal Metrology Rule 7'}, {'field': 'consumer_care', 'level': 'ERROR', 'message': 'Consumer care details required - Consumer Protection Act 2019'}], 'is_compliant': False, 'score': 0.0}"
Unknown Product,,71.0,,,,,,,,amazon,,https://www.amazon.in/INSIGHT-Cosmetics-Application-Waterproof-Smudgeproof/dp/B0D5BD6QSZ/ref=sr_1_20?dib=eyJ2IjoiMSJ9.XItYdNpo2vGP3sgb2oXx7saVaFMQ8SQKDrFo9QQTUlRv_s69ckGEuUuOKsAYIQJC9AO9P2lioKsNJn6Cvjf0IyzSej3Mcj4NsYymGLkZAFtQ_ZK7Whw17B2gq9ExX0Fa1CWOR8qoGhQHKjUxT-C9DCGua5ZSmkA6RK_mdW_4l8QhaYySucqcZISBbhmfwLTFwq8SP3da9QEjV7Ibusqqk9l7mClc16Oy5xrLJsO-NIUPxxRq10pqvxZkmZjU9qp6SKwCGfSavNIJg4OdGnH3HIiTEpmps0dFJGdJGXd-HCg.jWAK1GR_9CTFOXzyjfCGdonTR5WxUnwTzYvUFSGj4Ho&dib_tag=se&keywords=cosmetics&qid=1759170219&sr=8-20,https://m.media-amazon.com/images/I/51kgpQjt2HL._AC_UL320_.jpg,,4.1,,2025-09-29 23:53:40,0.0,NON_COMPLIANT,"Missing required field: net_quantity; Missing required field: unit; Missing required field: manufacturer_name; Missing required field: manufacturer_address; Missing required field: consumer_care; Missing required field: country_of_origin; MRP must explicitly state tax inclusivity (e.g., 'inclusive of all taxes') - Legal Metrology Rule 6; Manufacturing date missing - Legal Metrology requirement; Complete manufacturer address required - Legal Metrology Rule 7; Consumer care details required - Consumer Protection Act 2019","{'extracted_fields': {'mrp_value': 71.0, 'net_quantity_value': None, 'unit': None, 'manufacturer_name': None, 'manufacturer_address': None, 'consumer_care': None, 'country_of_origin': None, 'mfg_date': None, 'expiry_date': None}, 'validation_issues': [{'field': 'net_quantity', 'level': 'ERROR', 'message': 'Missing required field: net_quantity'}, {'field': 'unit', 'level': 'ERROR', 'message': 'Missing required field: unit'}, {'field': 'manufacturer_name', 'level': 'ERROR', 'message': 'Missing required field: manufacturer_name'}, {'field': 'manufacturer_address', 'level': 'ERROR', 'message': 'Missing required field: manufacturer_address'}, {'field': 'consumer_care', 'level': 'ERROR', 'message': 'Missing required field: consumer_care'}, {'field': 'country_of_origin', 'level': 'ERROR', 'message': 'Missing required field: country_of_origin'}, {'field': 'mrp', 'level': 'ERROR', 'message': ""MRP must explicitly state tax inclusivity (e.g., 'inclusive of all taxes') - Legal Metrology Rule 6""}, {'field': 'mfg_date', 'level': 'ERROR', 'message': 'Manufacturing date missing - Legal Metrology requirement'}, {'field': 'manufacturer_address', 'level': 'ERROR', 'message': 'Complete manufacturer address required - Legal Metrology Rule 7'}, {'field': 'consumer_care', 'level': 'ERROR', 'message': 'Consumer care details required - Consumer Protection Act 2019'}], 'is_compliant': False, 'score': 0.0}"
